cuenta,ad_id,titulo_del_link,inicio_de_circulacion,dias_activo_al_26-09-2026,url_biblioteca
ABA Tools,4424858734440216,"Meno preparazione, sedute più leggere",2026-07-31,56,https://www.facebook.com/ads/library/?id=4424858734440216
ABA Tools,28106806742265565,"Meno preparazione, sedute più leggere",2026-07-31,56,https://www.facebook.com/ads/library/?id=28106806742265565
ABA Tools,877405775128556,"Meno preparazione, sedute più leggere",2026-07-31,56,https://www.facebook.com/ads/library/?id=877405775128556
ABA Tools,848679861660778,"Meno preparazione, sedute più leggere",2026-07-31,56,https://www.facebook.com/ads/library/?id=848679861660778
ABA Tools,1313402305180850,"Meno preparazione, sedute più leggere",2026-07-31,56,https://www.facebook.com/ads/library/?id=1313402305180850
ABA Tools,1612362246970406,"Meno preparazione, sedute più leggere",2026-07-31,56,https://www.facebook.com/ads/library/?id=1612362246970406
ABA Tools,1767640720941250,+500 Activités d'Ergothérapie Pédiatrique,2026-08-17,39,https://www.facebook.com/ads/library/?id=1767640720941250
ABA Tools,1853250712258339,+500 Activités d'Ergothérapie Pédiatrique,2026-08-17,39,https://www.facebook.com/ads/library/?id=1853250712258339
ABA Tools,1374026764820201,+500 Activités d'Ergothérapie Pédiatrique,2026-08-17,39,https://www.facebook.com/ads/library/?id=1374026764820201
ABA Tools,1063818343106251,+500 NATURALISTIC ABA ACTIVITIES FOR AUTISM,2026-09-16,9,https://www.facebook.com/ads/library/?id=1063818343106251
ABA Tools,2964083050597010,+500 NATURALISTIC ABA ACTIVITIES FOR AUTISM,2026-09-16,9,https://www.facebook.com/ads/library/?id=2964083050597010
ABA Tools,1399336002385992,+500 NATURALISTIC ABA ACTIVITIES FOR AUTISM,2026-09-16,9,https://www.facebook.com/ads/library/?id=1399336002385992
ABA Tools,1080647531234086,Kit di risorse terapeutiche per bambini,2026-09-26,0,https://www.facebook.com/ads/library/?id=1080647531234086
ABA Tools,1293789552816979,Kit di risorse terapeutiche per bambini,2026-09-26,0,https://www.facebook.com/ads/library/?id=1293789552816979
Theraabahq,2109529949915185,100 Attività Educative per Bambini con Autismo,2026-08-09,47,https://www.facebook.com/ads/library/?id=2109529949915185
Theraabahq,1586239976495099,100 Attività Educative per Bambini con Autismo,2026-08-10,46,https://www.facebook.com/ads/library/?id=1586239976495099
Theraabahq,2731089087288707,100 Attività Educative per Bambini con Autismo,2026-08-14,42,https://www.facebook.com/ads/library/?id=2731089087288707
Theraabahq,1457828429533021,100 Attività Educative per Bambini con Autismo,2026-08-14,42,https://www.facebook.com/ads/library/?id=1457828429533021
Theraabahq,1664806268538854,100 Attività Educative per Bambini con Autismo,2026-08-21,35,https://www.facebook.com/ads/library/?id=1664806268538854
Theraabahq,2134293460838895,100 Attività Educative per Bambini con Autismo,2026-08-21,35,https://www.facebook.com/ads/library/?id=2134293460838895
Theraabahq,1599682588413740,100 Educational Activities for Children with Autism,2026-08-26,30,https://www.facebook.com/ads/library/?id=1599682588413740
Theraabahq,1784478809452800,100 Attività Educative per Bambini con Autismo,2026-08-26,30,https://www.facebook.com/ads/library/?id=1784478809452800
Theraabahq,2159060238381601,100 ACTIVITÉS ÉDUCATIVES POUR LES ENFANTS AUTISTES,2026-09-02,23,https://www.facebook.com/ads/library/?id=2159060238381601
Theraabahq,1607102064478705,👇 Clicca sul pulsante qui sotto e accedi subito!,2026-09-22,3,https://www.facebook.com/ads/library/?id=1607102064478705
Theraabahq,1867268114240069,100 Actividades Educativas para Niños con Autismo,2026-09-26,0,https://www.facebook.com/ads/library/?id=1867268114240069
Theraabahq,1688099026209914,100 Activités Éducatives Pour Les Enfants Autistes,2026-09-26,0,https://www.facebook.com/ads/library/?id=1688099026209914
Clubinho da Família,2139223409997098,Clique em Ver detalhes,2026-09-17,8,https://www.facebook.com/ads/library/?id=2139223409997098
Clubinho da Família,28375139615477221,Clique em Saiba mais,2026-09-17,8,https://www.facebook.com/ads/library/?id=28375139615477221
Clubinho da Família,1354105233186767,Clique em Saiba mais,2026-09-18,7,https://www.facebook.com/ads/library/?id=1354105233186767
Clubinho da Família,1418195576938921,Clique em Saiba mais,2026-09-21,4,https://www.facebook.com/ads/library/?id=1418195576938921
Clubinho da Família,1060542540193904,Clique em Saiba mais,2026-09-21,4,https://www.facebook.com/ads/library/?id=1060542540193904
Clubinho da Família,1700783850987426,Clique em Saiba mais,2026-09-22,3,https://www.facebook.com/ads/library/?id=1700783850987426
Clubinho da Família,1111798168028405,Clique em Ver detalhes,2026-09-22,3,https://www.facebook.com/ads/library/?id=1111798168028405
Clubinho da Família,2144848816910017,Clique em Saiba mais,2026-09-25,0,https://www.facebook.com/ads/library/?id=2144848816910017
Clubinho da Família,1591987468641358,Clique em Saiba mais,2026-09-25,0,https://www.facebook.com/ads/library/?id=1591987468641358
